,MOF,gas,ppm,folder,rep_id,batch,slope,saturation,auc,mean_1,mean_2,mean_3,mean_4,mean_5,mean_6,Cu-1,Ni-1,Ni-2,Ni-3,Ni-4,Ni-5,Zn-1
0,Cu-HHTP,H2S,0.5,batch_2,0,Cu-1,0.08285906854858577,71.64691800796682,88532.72667207078,11.54328650721784,34.42223203126892,50.786373287451916,60.93856554162243,66.9836201752789,70.4326115620456,1.0,0.0,0.0,0.0,0.0,0.0,0.0
1,Cu-HHTP,H2S,0.5,batch_2,1,Cu-1,0.08148735461996903,75.85718343121584,91710.45508510807,10.7667870770645,33.92022140486915,52.05117497836341,63.737166453920736,70.66261774818976,74.56145401783516,1.0,0.0,0.0,0.0,0.0,0.0,0.0
2,Cu-HHTP,H2S,0.5,batch_2,2,Cu-1,0.08283453929531402,72.60084791198578,89045.11187648622,11.339587129586965,34.22774467844722,50.85084419978803,61.3771845777635,67.69503529104092,71.32431666306778,1.0,0.0,0.0,0.0,0.0,0.0,0.0
3,Cu-HHTP,H2S,0.5,batch_2,3,Cu-1,0.07540085502077476,74.17222130397795,87970.57772389757,9.940621936134155,31.652554527267856,49.237729641452574,61.15250904039108,68.51218620545967,72.73781252296597,1.0,0.0,0.0,0.0,0.0,0.0,0.0
4,Cu-HHTP,H2S,5,batch_2,0,Cu-1,0.20829943738167161,93.94802486037358,134957.21589485364,23.87234127730606,65.42603710016135,83.75713259169102,90.45492476250783,92.6912790418739,93.65165068169955,1.0,0.0,0.0,0.0,0.0,0.0,0.0
5,Cu-HHTP,H2S,5,batch_2,1,Cu-1,0.17865245947199637,94.65679489489155,129443.36655434419,20.501634002841882,57.583684800440814,77.82612377636296,88.41809676066806,92.84688445707798,94.29800486885216,1.0,0.0,0.0,0.0,0.0,0.0,0.0
6,Cu-HHTP,H2S,5,batch_2,2,Cu-1,0.3556645828335577,94.35688418864915,146382.8729481645,37.445083604962655,80.53549351402444,89.9226605865103,92.39451464187125,93.49901897216492,94.13651760421918,1.0,0.0,0.0,0.0,0.0,0.0,0.0
7,Cu-HHTP,H2S,5,batch_2,3,Cu-1,0.2891329237964526,94.5585102106861,141538.38782323542,29.012288941051068,74.11798446072663,88.47140910141152,92.26190945165699,93.60587348802854,94.3206215644132,1.0,0.0,0.0,0.0,0.0,0.0,0.0
8,Cu-HHTP,H2S,10,batch_2,0,Cu-1,0.3792686660563082,96.30488469890577,155648.58018523708,10.66655214756088,74.4403185241133,93.30044486163342,95.26711075067564,96.06693017165563,96.52542549876775,1.0,0.0,0.0,0.0,0.0,0.0,0.0
9,Cu-HHTP,H2S,10,batch_2,1,Cu-1,0.29235552780541546,94.57306903790828,147001.19399986905,6.43646623962161,59.44034375926696,88.92532063477942,92.61295747704315,93.91051935767129,94.62621570261476,1.0,0.0,0.0,0.0,0.0,0.0,0.0
10,Cu-HHTP,H2S,10,batch_2,2,Cu-1,0.2588319810666043,94.64123259868963,144890.04523251072,5.775430625314483,53.5327823510638,88.09481837400894,92.59582302267562,93.93158484652501,94.66056621035166,1.0,0.0,0.0,0.0,0.0,0.0,0.0
11,Cu-HHTP,H2S,20,batch_2,0,Cu-1,0.598602326578684,96.63696815419581,159391.37896340422,9.517845072394966,82.87946882097525,95.0017325249065,96.01196611415672,96.50187735327484,96.80825473400887,1.0,0.0,0.0,0.0,0.0,0.0,0.0
12,Cu-HHTP,H2S,20,batch_2,1,Cu-1,0.5406290814177985,96.51934134305247,156806.87246306633,5.552839334355312,76.15200257734325,94.37460193786892,95.59139190084274,96.15029313064984,96.49448132775052,1.0,0.0,0.0,0.0,0.0,0.0,0.0
13,Cu-HHTP,H2S,20,batch_2,2,Cu-1,0.5970746274887826,97.03090404759436,159121.082641243,7.629416687086756,80.45403859165239,95.11803344725256,96.29138531329443,96.79537655255635,97.09341756054623,1.0,0.0,0.0,0.0,0.0,0.0,0.0
14,Cu-HHTP,H2S,20,batch_2,3,Cu-1,0.5103077879213177,96.14855460090854,154349.6111043984,6.908917491485633,73.21611529813607,92.44425566475233,94.69953948916447,95.60206590066336,96.11829260872908,1.0,0.0,0.0,0.0,0.0,0.0,0.0
15,Cu-HHTP,H2S,40,batch_2,0,Cu-1,1.329915506896082,89.57941709214593,151710.5593345743,68.46266473733782,84.46160333136936,86.72340577792342,87.93728046252758,88.73553107089421,89.33522953492734,1.0,0.0,0.0,0.0,0.0,0.0,0.0
16,Cu-HHTP,H2S,40,batch_2,1,Cu-1,1.6119404743162473,93.27091447826928,160598.93271085597,76.05073737612776,89.88085334915166,91.36958328717856,92.16643252084947,92.70167250766096,93.10710041750114,1.0,0.0,0.0,0.0,0.0,0.0,0.0
17,Cu-HHTP,H2S,40,batch_2,2,Cu-1,1.6440494956187535,91.8213759943688,157349.96341948412,74.0334579513544,87.67213225723657,89.49709996483236,90.48119309027214,91.13700150481252,91.62676352048746,1.0,0.0,0.0,0.0,0.0,0.0,0.0
18,Cu-HHTP,H2S,40,batch_2,3,Cu-1,1.6825439113006333,94.1075013573168,161240.56460606045,76.10264784190022,89.6632569034806,91.62935581255327,92.70429324628302,93.40611149582814,93.90882346157116,1.0,0.0,0.0,0.0,0.0,0.0,0.0
19,Cu-HHTP,H2S,80,batch_2,0,Cu-1,1.3718035150149086,92.84456202077546,160303.8725241188,79.29884544754616,88.5850639857967,90.33162101649538,91.36377981788111,92.08298405142448,92.62396995642479,1.0,0.0,0.0,0.0,0.0,0.0,0.0
20,Cu-HHTP,H2S,80,batch_2,1,Cu-1,1.863232093077385,96.86276751898828,170569.16266842972,87.79463235000922,95.19827342964764,95.88073452318542,96.28144307838669,96.56376327006711,96.77736883742766,1.0,0.0,0.0,0.0,0.0,0.0,0.0
21,Cu-HHTP,H2S,80,batch_2,2,Cu-1,1.3019834223439801,91.64789424079328,158413.17322332534,78.92743917240267,87.46912922966779,89.14004867424029,90.15438426682128,90.87120009045583,91.42146217274431,1.0,0.0,0.0,0.0,0.0,0.0,0.0
22,Cu-HHTP,H2S,80,batch_2,3,Cu-1,0.9190349024987339,80.93518718565014,132261.82400274498,57.40318296225017,71.34942586048035,75.11247911370675,77.43889123691504,79.1165042871197,80.41262790853575,1.0,0.0,0.0,0.0,0.0,0.0,0.0
23,Ni-HHTP,H2S,5,batch_2,0,Ni-2,0.07205367941153479,45.52389069452313,55375.195182435324,5.813903836246066,22.676818184982938,32.47204257527274,37.855344444446104,41.3135046033461,44.45280103955845,0.0,0.0,1.0,0.0,0.0,0.0,0.0
24,Ni-HHTP,H2S,5,batch_2,1,Ni-2,0.057725102631120476,47.72700452870634,53860.62170447068,1.9239197516255484,21.762757328888267,33.93362366495689,37.05377292624924,38.8586016783025,46.01482264958115,0.0,0.0,1.0,0.0,0.0,0.0,0.0
25,Ni-HHTP,H2S,5,batch_2,2,Ni-2,0.07668347349758937,46.87428779429285,55161.68561471386,6.044655376353907,22.092431048396225,31.19621034257599,37.22051934006693,41.73941223631774,45.57879285236677,0.0,0.0,1.0,0.0,0.0,0.0,0.0
26,Ni-HHTP,H2S,5,batch_2,3,Ni-2,0.08696393398811132,49.11979721971821,57692.559524845376,5.252635755701766,22.353604378038398,33.065883730538005,39.780434183565426,44.17422217161022,47.67917585935637,0.0,0.0,1.0,0.0,0.0,0.0,0.0
27,Ni-HHTP,H2S,10,batch_2,0,Ni-1,0.032593213441121496,36.62455533998262,36036.367742465634,3.020983220716428,9.047547520764592,17.431291911453886,24.987245865010337,30.676364824008008,34.9568781603528,0.0,1.0,0.0,0.0,0.0,0.0,0.0
28,Ni-HHTP,H2S,10,batch_2,1,Ni-1,0.03961741123942857,41.955751882707965,44365.23008611014,4.113154455618736,12.44530323810856,22.97746750405665,31.18734613075534,36.666407896232975,40.49303479906894,0.0,1.0,0.0,0.0,0.0,0.0,0.0
29,Ni-HHTP,H2S,10,batch_2,2,Ni-1,0.04305467575945964,43.173146477724444,46770.18935982445,4.447620029669696,13.661882291589091,24.807020571014558,32.9837754128963,38.20477242974408,41.7941102382697,0.0,1.0,0.0,0.0,0.0,0.0,0.0
30,Ni-HHTP,H2S,10,batch_2,3,Ni-1,0.04095247447144965,43.98212180597666,47852.468937437014,4.682671734311434,14.086936756435895,25.39607298271885,33.67948690833519,39.02603489987406,42.63539563404177,0.0,1.0,0.0,0.0,0.0,0.0,0.0
31,Ni-HHTP,H2S,20,batch_2,0,Ni-1,0.10554250958007447,37.0402444414941,47735.384025986496,10.870624046772877,22.006422571515714,26.813723991082014,30.29246502622831,33.22267473962739,35.90907783661938,0.0,1.0,0.0,0.0,0.0,0.0,0.0
32,Ni-HHTP,H2S,20,batch_2,1,Ni-1,0.10875622020797551,41.78251846547587,53571.27186375803,11.932078007621634,24.440544863352535,30.04496898947653,34.10428044711936,37.54007630057974,40.504804541093414,0.0,1.0,0.0,0.0,0.0,0.0,0.0
33,Ni-HHTP,H2S,20,batch_2,2,Ni-1,0.09828302537121976,37.79285910818963,48031.235419539764,10.775399713563298,21.795430409694394,26.83601012201188,30.467786205269096,33.6568789592131,36.56876432160484,0.0,1.0,0.0,0.0,0.0,0.0,0.0
34,Ni-HHTP,H2S,40,batch_2,0,Ni-2,0.22782849897227453,84.71275830594654,118983.08144532566,25.084549652470095,58.541315503315325,70.93702043104223,77.18157622403469,81.12736729655444,83.7321187539615,0.0,0.0,1.0,0.0,0.0,0.0,0.0
35,Ni-HHTP,H2S,40,batch_2,1,Ni-2,0.20948530841341365,80.08383623000694,113501.76069557221,26.411037547307515,56.12200144860608,67.23685751839979,73.00855712699232,76.49102565323787,79.0615154316919,0.0,0.0,1.0,0.0,0.0,0.0,0.0
36,Ni-HHTP,H2S,40,batch_2,2,Ni-2,0.2508478489470472,86.05727140032474,122843.1622262051,28.23666033962478,61.41045341424871,72.90333194309747,79.1213893700134,82.64493549431853,85.15184269468476,0.0,0.0,1.0,0.0,0.0,0.0,0.0
37,Ni-HHTP,H2S,40,batch_2,3,Ni-2,0.23213308325298387,83.37771404371917,117101.45747486921,27.00109787719628,57.80867709897969,69.07200928053403,75.52951719747041,78.99770824710697,81.92541891932316,0.0,0.0,1.0,0.0,0.0,0.0,0.0
38,Ni-HHTP,H2S,80,batch_2,0,Ni-1,0.27066795858237064,58.422293731561126,77193.0655592966,18.44053207949138,33.66616149528298,43.52057487519719,50.13362184350097,54.2551203452139,57.28485045376738,0.0,1.0,0.0,0.0,0.0,0.0,0.0
39,Ni-HHTP,H2S,80,batch_2,1,Ni-1,0.3206311797000809,57.808139191207516,79909.79161917872,19.899289238685288,38.46380973267329,46.17640125868955,50.88373285828277,54.19586776842298,56.73852317514421,0.0,1.0,0.0,0.0,0.0,0.0,0.0
40,Ni-HHTP,H2S,80,batch_2,2,Ni-1,0.4200637898879567,62.26243171225914,89169.10398460666,28.02698366680273,43.532529281378814,50.57421025869931,55.26239737935181,58.60791745765767,61.20997136666211,0.0,1.0,0.0,0.0,0.0,0.0,0.0
41,Ni-HHTP,H2S,80,batch_2,3,Ni-1,0.4619280872328491,65.2351580629308,93310.7748715985,29.66672968415317,45.43169657801756,52.73906734656473,57.71896416251541,61.340218707171054,64.12242194361959,0.0,1.0,0.0,0.0,0.0,0.0,0.0
42,Zn-HHTP,H2S,5,batch_2,0,Zn-1,-0.0004515265858720763,-0.4827181945744494,-554.1924931008659,-0.06575435101008298,-0.2171814597409293,-0.3281647100546203,-0.3970296732391471,-0.41851705345841245,-0.4208280967610396,0.0,0.0,0.0,0.0,0.0,0.0,1.0
43,Zn-HHTP,H2S,5,batch_2,1,Zn-1,-0.000504068683813843,-0.41249538478386616,-449.84797685106133,-0.05336292556287068,-0.2065936592558287,-0.2829464971736466,-0.3135354498037384,-0.3075124490086246,-0.3354631864718903,0.0,0.0,0.0,0.0,0.0,0.0,1.0
44,Zn-HHTP,H2S,5,batch_2,2,Zn-1,-0.0014041335834233237,-0.4602195497394565,-583.7820177916926,-0.10087703562866404,-0.2793310362590038,-0.34326264723824185,-0.39584305421109506,-0.40174163739454377,-0.4248089342514305,0.0,0.0,0.0,0.0,0.0,0.0,1.0
45,Zn-HHTP,H2S,5,batch_2,3,Zn-1,-0.0009376814820291621,-0.8693995679033183,-902.412513751372,-0.13377357468694254,-0.28526225767275,-0.48871267056297635,-0.618874656351132,-0.7087188806647118,-0.7724484136419135,0.0,0.0,0.0,0.0,0.0,0.0,1.0
46,Zn-HHTP,H2S,10,batch_2,0,Zn-1,0.0003597575140992881,0.312927400969136,165.97950930191135,-0.015925291198148898,0.01619858980569422,0.12140213357901321,0.18462735787050905,0.12528677042507602,0.12191391157020896,0.0,0.0,0.0,0.0,0.0,0.0,1.0
47,Zn-HHTP,H2S,10,batch_2,1,Zn-1,0.0006869158538063074,0.16842746804166994,47.60802770338198,-0.04467736214114838,-0.03503228861682946,0.09565868243004413,0.0727291459227248,0.037916428366225476,0.03207830180915597,0.0,0.0,0.0,0.0,0.0,0.0,1.0
48,Zn-HHTP,H2S,10,batch_2,2,Zn-1,0.0010524757260074904,1.2701325650550501,1043.424479321351,-0.0043285494707480466,0.1999058593332863,0.5299409813125165,0.7824696976515435,0.9099405314312572,1.0603923006503393,0.0,0.0,0.0,0.0,0.0,0.0,1.0
49,Zn-HHTP,H2S,10,batch_2,3,Zn-1,0.001006727428489249,1.1827150620242781,907.0026861564825,-0.027926116562365245,0.1367430046500497,0.4350709462540073,0.6759516619175088,0.8235401323650199,0.9801762505690861,0.0,0.0,0.0,0.0,0.0,0.0,1.0
50,Zn-HHTP,H2S,20,batch_2,0,Zn-1,0.009761886347631836,8.271897520099545,9020.049483272585,1.0023136513896023,3.254899468702305,4.858346040229699,6.0496818352224695,7.030191221165932,7.871322990764212,0.0,0.0,0.0,0.0,0.0,0.0,1.0
51,Zn-HHTP,H2S,20,batch_2,1,Zn-1,0.009517410028623576,8.135348303374279,9143.62884150285,1.0781940078774024,3.3956300088601408,4.993583580439763,6.143208591231819,7.062231782562043,7.80582160097115,0.0,0.0,0.0,0.0,0.0,0.0,1.0
52,Zn-HHTP,H2S,20,batch_2,2,Zn-1,0.010772362747735935,8.504667450157548,9556.634943754842,1.1696745180606622,3.5740978785435784,5.207457491733757,6.4090715830923735,7.3539218446648515,8.141271720737068,0.0,0.0,0.0,0.0,0.0,0.0,1.0
53,Zn-HHTP,H2S,20,batch_2,3,Zn-1,0.009961809716801835,7.999298081784417,9243.538726313645,1.107281100745429,3.487147106423761,5.077261026627,6.2694434984285285,7.117488383323824,7.753382225904069,0.0,0.0,0.0,0.0,0.0,0.0,1.0
54,Zn-HHTP,H2S,40,batch_2,0,Zn-1,0.03115226763533842,14.684704276480058,17143.52500888358,2.883712378556629,6.978487783180392,9.37675216808617,11.17753508726887,12.618416103490684,14.109160582642925,0.0,0.0,0.0,0.0,0.0,0.0,1.0
55,Zn-HHTP,H2S,40,batch_2,1,Zn-1,0.03585310736943678,14.704544090150193,16936.19981470357,2.6411065402797034,6.855866494290846,9.299995910066668,11.05834377285527,12.53013648912994,14.068029321032531,0.0,0.0,0.0,0.0,0.0,0.0,1.0
56,Zn-HHTP,H2S,40,batch_2,2,Zn-1,0.03776094581693961,14.894796061602214,17640.77950048206,2.869398722289798,7.261359455813141,9.741233061117361,11.492537152021658,12.992677946940567,14.444420814978132,0.0,0.0,0.0,0.0,0.0,0.0,1.0
57,Zn-HHTP,H2S,40,batch_2,3,Zn-1,0.029233623231796266,15.045199263347538,17783.975708131627,3.1231579545984407,7.47878444746663,9.862099603071474,11.492266361158453,12.924340454705565,14.398276266019632,0.0,0.0,0.0,0.0,0.0,0.0,1.0
58,Zn-HHTP,H2S,80,batch_2,0,Zn-1,0.049151101551878136,15.319440926664889,18676.207480414036,3.5807109462597313,8.319708411684084,10.410397483184283,11.964059404696444,13.356615060153308,14.622070142065608,0.0,0.0,0.0,0.0,0.0,0.0,1.0
59,Zn-HHTP,H2S,80,batch_2,1,Zn-1,0.04496293376705318,14.971348811034996,18408.025477343544,3.4053364890573046,8.238152801061865,10.359448084433732,11.859348146092843,13.13088780153889,14.365883442329341,0.0,0.0,0.0,0.0,0.0,0.0,1.0
60,Zn-HHTP,H2S,80,batch_2,2,Zn-1,0.042496361884671936,14.361472596294492,17616.83506316934,3.2378305342023244,7.845154231046512,9.887508478905787,11.31653649079689,12.607117232503068,13.827099277772376,0.0,0.0,0.0,0.0,0.0,0.0,1.0
61,Zn-HHTP,H2S,80,batch_2,3,Zn-1,0.0433281872902725,14.900667708615938,18590.460970136846,3.587791582675377,8.413296241135127,10.472122748084704,11.924058351756058,13.197778097119674,14.372229891295076,0.0,0.0,0.0,0.0,0.0,0.0,1.0
62,Cu-HHTP,SO2,5,batch_2,0,Cu-1,0.004648321670885876,2.394037837809428,2883.5815158253367,0.3239699930813489,1.133886119843947,1.686439752011621,1.9564760818358236,2.186999171949862,2.3238234567814784,1.0,0.0,0.0,0.0,0.0,0.0,0.0
63,Cu-HHTP,SO2,5,batch_2,1,Cu-1,0.004667806987661549,2.107920032448332,2529.4576492689635,0.2901492651280695,1.0150284629925446,1.4334455297629844,1.7990768218376252,1.90282200767869,1.9911220331902808,1.0,0.0,0.0,0.0,0.0,0.0,0.0
64,Cu-HHTP,SO2,5,batch_2,2,Cu-1,0.003194425058445155,2.7962113322454334,3285.7368877463223,0.38321863374077075,1.2685965140716697,1.8335196544223091,2.2026429418950437,2.5362525879501954,2.7281330872484175,1.0,0.0,0.0,0.0,0.0,0.0,0.0
65,Cu-HHTP,SO2,5,batch_2,3,Cu-1,0.004508525654784094,3.1146506367396913,3838.723802441975,0.5057068051907488,1.532940681053692,2.156508256138662,2.5710447511600916,2.9643035297594897,3.0650391949780524,1.0,0.0,0.0,0.0,0.0,0.0,0.0
66,Cu-HHTP,SO2,10,batch_2,0,Cu-1,0.01269986248457617,7.50724727499451,8532.473417828402,0.9929163238163423,3.3639135881239444,4.66059337046911,5.683238630026435,6.528144854827242,7.21289026805431,1.0,0.0,0.0,0.0,0.0,0.0,0.0
67,Cu-HHTP,SO2,10,batch_2,1,Cu-1,0.012824937325262336,7.727430055216977,8853.108493409489,1.065934273819644,3.520382652646717,4.84455086045692,5.898126198564074,6.744960465244169,7.436453570447578,1.0,0.0,0.0,0.0,0.0,0.0,0.0
68,Cu-HHTP,SO2,10,batch_2,2,Cu-1,0.013443165686682091,8.089011242836788,9310.781514707425,1.1512691868374496,3.75891847536439,5.127568062441822,6.175488719509347,7.052419089508715,7.770300215921861,1.0,0.0,0.0,0.0,0.0,0.0,0.0
69,Cu-HHTP,SO2,10,batch_2,3,Cu-1,0.009377487123498703,6.903249460159544,7724.0809190477885,1.532050452582816,4.676225867699821,6.196248089399519,7.3384991476024375,8.266726830600925,9.0546343453672,1.0,0.0,0.0,0.0,0.0,0.0,0.0
70,Cu-HHTP,SO2,20,batch_2,0,Cu-1,0.03329336622562691,16.056547288717994,20690.639102618556,4.259648283428796,9.053571163143353,11.696469091743946,13.496544680689167,14.780617486042766,15.680474976037843,1.0,0.0,0.0,0.0,0.0,0.0,0.0
71,Cu-HHTP,SO2,20,batch_2,1,Cu-1,0.0333173177922684,15.980950459357164,20570.4031213153,4.221083900963118,8.974119704343497,11.60174860218143,13.422707311578424,14.718710506970112,15.62814805145541,1.0,0.0,0.0,0.0,0.0,0.0,0.0
72,Cu-HHTP,SO2,20,batch_2,2,Cu-1,0.03194747020199649,15.142581365241707,19386.169521787288,4.041545077906192,8.400696687063986,10.830238142188898,12.573390184674647,13.933787706574995,14.839480456244004,1.0,0.0,0.0,0.0,0.0,0.0,0.0
73,Cu-HHTP,SO2,20,batch_2,3,Cu-1,0.0385947235741187,16.96702422682187,21492.64337011273,4.465090750993561,9.342837406105936,11.960242776874248,13.850394089476039,15.457585391620132,16.56460872659046,1.0,0.0,0.0,0.0,0.0,0.0,0.0
74,Cu-HHTP,SO2,40,batch_2,0,Cu-1,0.08281994234100656,17.13821608869924,24354.362105645985,6.650839419486678,11.688917620204565,14.15014086759035,15.45256632949339,16.306857387760335,16.928722742440755,1.0,0.0,0.0,0.0,0.0,0.0,0.0
75,Cu-HHTP,SO2,40,batch_2,1,Cu-1,0.07250164534041499,16.94058356997833,23766.484907377464,6.240365077318828,11.28515899560683,13.801402422093002,15.148417245997944,16.02909015378903,16.714145580344173,1.0,0.0,0.0,0.0,0.0,0.0,0.0
76,Cu-HHTP,SO2,40,batch_2,2,Cu-1,0.06354590292478172,16.033736323246274,22251.173113937824,5.570075885261622,10.459009631774014,12.962054991665342,14.271676790970583,15.132860483953628,15.772217413115523,1.0,0.0,0.0,0.0,0.0,0.0,0.0
77,Cu-HHTP,SO2,40,batch_2,3,Cu-1,0.07557271031418566,17.649758675467478,24707.4381578918,6.4488509411084705,11.699651964744952,14.352982821110311,15.759025290013836,16.68975660871595,17.404659978698813,1.0,0.0,0.0,0.0,0.0,0.0,0.0
78,Cu-HHTP,SO2,80,batch_2,0,Cu-1,0.0998730451204721,18.20730891158981,26917.229366188927,8.320510489739332,14.066780609092199,15.554826159133134,16.485052653834316,17.316046486693022,17.976718839992913,1.0,0.0,0.0,0.0,0.0,0.0,0.0
79,Cu-HHTP,SO2,80,batch_2,1,Cu-1,0.09696964195549215,18.3092908768565,27076.8452501554,8.233867256489402,14.221018998809997,15.698183006312908,16.617682375082182,17.412552537988702,18.06898109465812,1.0,0.0,0.0,0.0,0.0,0.0,0.0
80,Cu-HHTP,SO2,80,batch_2,2,Cu-1,0.10114732330659686,19.316236930063603,28514.4863144366,8.656715312267865,14.979137371232337,16.52490794515187,17.489199786571945,18.3373533853831,19.056994245190907,1.0,0.0,0.0,0.0,0.0,0.0,0.0
81,Cu-HHTP,SO2,80,batch_2,3,Cu-1,0.09706106874027798,18.71955261584696,27652.095553526982,8.36488756279282,14.559269039439034,16.03755581381582,16.959123140309792,17.77340099327971,18.475506683188645,1.0,0.0,0.0,0.0,0.0,0.0,0.0
82,Ni-HHTP,SO2,5,batch_2,0,Ni-2,0.08775523314924578,48.82895389735826,62798.76712896013,8.120719565281888,28.002516568577573,37.427167333631395,42.31631867395284,45.56504777830716,47.89766523318195,0.0,0.0,1.0,0.0,0.0,0.0,0.0
83,Ni-HHTP,SO2,5,batch_2,1,Ni-2,0.08007650054476914,48.54925064647768,62534.58330608317,7.807329485659588,27.631830405827692,37.62957396021657,42.474704918241514,45.35583914103155,47.548004578431524,0.0,0.0,1.0,0.0,0.0,0.0,0.0
84,Ni-HHTP,SO2,5,batch_2,2,Ni-2,0.08660997244526694,47.33663554336611,61327.047118851726,7.964308327118843,27.040346840570173,36.695516035275965,41.52310769784655,44.60266686717986,46.59792812144039,0.0,0.0,1.0,0.0,0.0,0.0,0.0
85,Ni-HHTP,SO2,5,batch_2,3,Ni-2,0.09340767401205818,47.532303262847016,61620.57840210826,8.752830628122812,27.28503691287602,37.238043765549726,41.542552290920156,44.30176532179802,46.283170093051694,0.0,0.0,1.0,0.0,0.0,0.0,0.0
86,Ni-HHTP,SO2,10,batch_2,0,Ni-1,0.0361617203100557,21.844333569749534,25479.3492505236,4.194106417846596,10.489391752650768,14.173738031387993,16.546149593625984,18.698328073916233,20.829743021137798,0.0,1.0,0.0,0.0,0.0,0.0,0.0
87,Ni-HHTP,SO2,10,batch_2,1,Ni-1,0.03442549275705275,22.000324310249333,26613.82822517604,4.402880563874026,11.011418179642906,14.855816307160163,17.47813154950209,19.52256705143534,21.441208469051205,0.0,1.0,0.0,0.0,0.0,0.0,0.0
88,Ni-HHTP,SO2,10,batch_2,2,Ni-1,0.03108709814732932,21.737195257439105,25816.64209498504,4.123737733659353,10.496297616793209,14.328658658870843,17.064567300456368,19.078992456951134,20.96222001731785,0.0,1.0,0.0,0.0,0.0,0.0,0.0
89,Ni-HHTP,SO2,10,batch_2,3,Ni-1,0.03860281180261101,21.85779036916655,25863.44396659751,4.219957094825088,10.478192445986142,14.277388520044024,17.106350982957746,19.157665050077096,20.97160956682043,0.0,1.0,0.0,0.0,0.0,0.0,0.0
90,Ni-HHTP,SO2,20,batch_2,0,Ni-1,0.17110655143468914,47.26984594649407,65994.15919314735,17.69747044615538,31.889337582229455,37.983182022785535,41.628103861830866,44.326894106817235,46.44867662487049,0.0,1.0,0.0,0.0,0.0,0.0,0.0
91,Ni-HHTP,SO2,20,batch_2,1,Ni-1,0.20066650650936074,48.48856019293135,68301.66809970874,19.093529385501856,33.663309750939774,39.16736807557831,42.80882859092234,45.425003405222974,47.504677734956,0.0,1.0,0.0,0.0,0.0,0.0,0.0
92,Ni-HHTP,SO2,20,batch_2,2,Ni-1,0.17446021152125293,47.590032410828236,66717.78357375562,18.215744688746177,32.6356882972078,38.37278183390862,41.99851191790132,44.56398616108237,46.597589248880666,0.0,1.0,0.0,0.0,0.0,0.0,0.0
93,Ni-HHTP,SO2,20,batch_2,3,Ni-1,0.18377756171655693,47.67066997484156,67190.03821280452,18.36691905280816,32.98095750142828,38.7402200137332,42.245388378903414,44.83949145130572,46.78543332077981,0.0,1.0,0.0,0.0,0.0,0.0,0.0
94,Ni-HHTP,SO2,40,batch_2,0,Ni-2,0.3565307976208792,55.329722589756265,82931.25947235475,27.010771043623013,42.57489739012021,48.106659169883855,51.26817358850414,52.99887634984953,54.463529603741705,0.0,0.0,1.0,0.0,0.0,0.0,0.0
95,Ni-HHTP,SO2,40,batch_2,1,Ni-2,0.34383030688956884,56.086358849049034,79405.98271432685,24.152806507053313,39.084022716183355,45.06502259115089,48.76724553416148,52.828337986213846,54.778188435525536,0.0,0.0,1.0,0.0,0.0,0.0,0.0
96,Ni-HHTP,SO2,40,batch_2,2,Ni-2,0.27083785628642704,57.73831393811614,87903.96740642052,27.548127218357802,47.45251426134651,51.60400864509528,53.53174785756206,55.64887370419029,57.212742088884056,0.0,0.0,1.0,0.0,0.0,0.0,0.0
97,Ni-HHTP,SO2,80,batch_2,0,Ni-3,0.11395034407710918,45.43347062077563,60635.79347502207,14.110489720532733,29.20654406703866,34.72928775624529,38.387850223603095,41.461762070866186,44.218604179446835,0.0,0.0,0.0,1.0,0.0,0.0,0.0
98,Ni-HHTP,SO2,80,batch_2,1,Ni-3,0.12025768616409978,46.03519049771684,61724.847730781075,14.466629910527129,29.76313153779787,35.35959166812221,39.12068347968198,42.175917629913805,44.85850901114549,0.0,0.0,0.0,1.0,0.0,0.0,0.0
99,Ni-HHTP,SO2,80,batch_2,2,Ni-3,0.13119316849351598,45.172323369211774,60788.556567358,14.387343870141887,29.312902196198053,34.79552851995933,38.46245960231282,41.55666984954971,44.10928849728786,0.0,0.0,0.0,1.0,0.0,0.0,0.0
100,Ni-HHTP,SO2,80,batch_2,3,Ni-3,0.11792839130455827,45.827087233133845,61124.104784144954,14.194856399675665,29.261472012757952,35.02425211113624,38.77078494367428,41.91671853565852,44.574254326431216,0.0,0.0,0.0,1.0,0.0,0.0,0.0
101,Zn-HHTP,SO2,5,batch_2,0,Zn-1,0.004790760372186483,3.013837466536332,3348.4622278552033,-0.06037453195830121,0.7850804940148756,1.365409598445963,1.717061215298957,2.1594550625644464,2.5737653468895654,0.0,0.0,0.0,0.0,0.0,0.0,1.0
102,Zn-HHTP,SO2,5,batch_2,1,Zn-1,0.005189076673549204,2.8631577885885964,3300.7563713577847,0.10713033999479053,0.9711707903915991,1.5016428628274658,1.9397738977239456,2.4022945369866355,2.661647449456128,0.0,0.0,0.0,0.0,0.0,0.0,1.0
103,Zn-HHTP,SO2,5,batch_2,2,Zn-1,0.00522073188339139,1.6174397095010815,1568.5900490436939,-0.2924606547236422,0.1371547168499774,0.4612652374848652,0.7431247917810327,0.8829563751269005,1.1072507681870296,0.0,0.0,0.0,0.0,0.0,0.0,1.0
104,Zn-HHTP,SO2,5,batch_2,3,Zn-1,0.004844822334162705,1.7916521839879538,1943.47122653806,-0.20298906415985277,0.11505500866668969,0.6559351147133966,0.9372522549477532,1.1861976468594255,1.324288448754466,0.0,0.0,0.0,0.0,0.0,0.0,1.0
105,Zn-HHTP,SO2,10,batch_2,0,Zn-1,0.00466215422466032,3.4309558971604512,3322.4452473368365,0.36045743497724225,1.1878659292407374,1.7990808057447325,2.192407255753034,2.5633958021173417,2.9716216570824185,0.0,0.0,0.0,0.0,0.0,0.0,1.0
106,Zn-HHTP,SO2,10,batch_2,1,Zn-1,0.004976091493649024,3.672159520390446,3720.5119407598218,0.3936067294394351,1.3661251907843381,2.007304434965032,2.4922291456133148,2.846003843278405,3.2968725015267517,0.0,0.0,0.0,0.0,0.0,0.0,1.0
107,Zn-HHTP,SO2,10,batch_2,2,Zn-1,0.005609311210858033,3.1872155417483103,3270.9014091722916,0.3727747496932727,1.2062058176719963,1.7783446764582265,2.1862220686006437,2.5090006240921325,2.8507836730851364,0.0,0.0,0.0,0.0,0.0,0.0,1.0
108,Zn-HHTP,SO2,10,batch_2,3,Zn-1,0.005057494181188396,3.2304510727430693,3383.3064066976203,0.35092429383931084,1.194565488357212,1.8035012734591958,2.26555719854554,2.664851044574062,2.9984358154607413,0.0,0.0,0.0,0.0,0.0,0.0,1.0
109,Zn-HHTP,SO2,20,batch_2,0,Zn-1,0.02845874518436866,14.76176023328199,18346.109799481892,3.0823843983425205,7.68745589792622,10.345804100352156,12.188492071459306,13.454224480000518,14.39453980252528,0.0,0.0,0.0,0.0,0.0,0.0,1.0
110,Zn-HHTP,SO2,20,batch_2,1,Zn-1,0.030287219517331418,15.074204853006698,18905.13304207314,3.3555728184189224,8.03720931529423,10.695830527232877,12.47070789612023,13.752949704091044,14.703700985520074,0.0,0.0,0.0,0.0,0.0,0.0,1.0
111,Zn-HHTP,SO2,20,batch_2,2,Zn-1,0.027573963659194678,14.688588638419183,18041.58466479819,2.9691763641076756,7.510118228161075,10.101889871966145,11.931647766381184,13.315283907425558,14.310114305277269,0.0,0.0,0.0,0.0,0.0,0.0,1.0
112,Zn-HHTP,SO2,20,batch_2,3,Zn-1,0.029948410032825883,14.810441170061836,18090.33605866773,2.8755223490332646,7.4626529147656795,10.127581578289275,11.991123537931704,13.381237885562683,14.462638146551589,0.0,0.0,0.0,0.0,0.0,0.0,1.0
113,Zn-HHTP,SO2,40,batch_2,0,Zn-1,0.0688613292048794,22.926404486907472,32250.21447275547,7.268233352041489,15.762984423090227,19.15134179714048,20.79388873307503,21.845663762894223,22.675689963601638,0.0,0.0,0.0,0.0,0.0,0.0,1.0
114,Zn-HHTP,SO2,40,batch_2,1,Zn-1,0.07045065969585894,23.24535653523039,32885.88038505276,7.513802744653503,16.14103082719925,19.596615794991614,21.19540273787114,22.167295846614422,23.002192870807637,0.0,0.0,0.0,0.0,0.0,0.0,1.0
115,Zn-HHTP,SO2,40,batch_2,2,Zn-1,0.07160730989870179,23.559191204629727,33399.02847935572,7.58320471945993,16.395679534058427,19.909874487488267,21.55101358562756,22.55248728084145,23.334481755990208,0.0,0.0,0.0,0.0,0.0,0.0,1.0
116,Zn-HHTP,SO2,40,batch_2,3,Zn-1,0.06803013142851208,23.585071624393105,33094.88302831493,7.226313909681761,16.069704085397607,19.712082073156164,21.47835953868114,22.511566843850577,23.315445254999418,0.0,0.0,0.0,0.0,0.0,0.0,1.0
117,Zn-HHTP,SO2,80,batch_2,0,Zn-1,0.10424949229323008,23.938719865834152,34723.5089957875,9.384865360788003,18.100535914893936,20.222661094606078,21.60696566226202,22.783839556648335,23.642864924007487,0.0,0.0,0.0,0.0,0.0,0.0,1.0
118,Zn-HHTP,SO2,80,batch_2,1,Zn-1,0.10534949994439098,23.92482475223592,34844.976761816855,9.574110172368568,18.25611323733742,20.239199418114417,21.67400542901611,22.80476306382368,23.598101654251725,0.0,0.0,0.0,0.0,0.0,0.0,1.0
119,Zn-HHTP,SO2,80,batch_2,2,Zn-1,0.10342527494939782,23.877667693552045,34423.83233975791,9.20254686778713,17.804189048880584,19.966151016384746,21.462677537214354,22.778942958006763,23.52848875145466,0.0,0.0,0.0,0.0,0.0,0.0,1.0
120,Zn-HHTP,SO2,80,batch_2,3,Zn-1,0.09965346459576055,23.272873638219686,33524.51583700905,8.887636639452174,17.34102533660995,19.486760455348115,20.91324855047471,22.14020708551454,22.976990423545054,0.0,0.0,0.0,0.0,0.0,0.0,1.0
121,Cu-HHTP,H2S_SO2,4+36,mixtures,0,Cu-1,0.10625033819482178,94.27331124169059,102612.24121624495,4.725775409769409,23.56279006186048,53.563212735252186,77.21539600896423,89.50204544259442,93.47045463316084,1.0,0.0,0.0,0.0,0.0,0.0,0.0
122,Cu-HHTP,H2S_SO2,4+36,mixtures,1,Cu-1,0.09484377785035228,94.4436112350165,97697.7476064064,4.637830816743359,21.07818408770578,47.884425899745096,71.75389780201806,87.00180076431896,93.3025183372955,1.0,0.0,0.0,0.0,0.0,0.0,0.0
123,Cu-HHTP,H2S_SO2,4+36,mixtures,2,Cu-1,0.12939604763736132,93.57621661251461,108939.71799834263,5.251616633784684,28.548154478286836,62.75821859234679,82.9977195388463,90.5914448535035,92.98364287330041,1.0,0.0,0.0,0.0,0.0,0.0,0.0
124,Cu-HHTP,H2S_SO2,4+36,mixtures,3,Cu-1,0.12057441186570633,94.63806986064178,106918.56014545554,4.832536277757943,25.62981981629765,58.880306674160174,81.67638676977893,91.3171369048217,94.05804644024273,1.0,0.0,0.0,0.0,0.0,0.0,0.0
125,Cu-HHTP,H2S_SO2,4+36,mixtures,4,Cu-1,0.10968857253385488,94.85085823207109,103636.64147513147,4.7508098256870825,24.284900822348778,54.80791952550287,77.64216187459736,89.85694719472326,94.11183048894947,1.0,0.0,0.0,0.0,0.0,0.0,0.0
126,Cu-HHTP,H2S_SO2,5+5,mixtures,0,Cu-1,0.10227581678904019,90.81827103495492,108990.10744202291,9.240874800943368,36.868266664917215,62.61171180248618,78.46970926555608,86.29021345085438,89.81840530439595,1.0,0.0,0.0,0.0,0.0,0.0,0.0
127,Cu-HHTP,H2S_SO2,5+5,mixtures,1,Cu-1,0.11248763671910528,91.34637828445426,113105.8688721255,10.282120353889471,40.794250787483165,66.8183614405404,81.02978595260326,87.58577235034828,90.50799562907257,1.0,0.0,0.0,0.0,0.0,0.0,0.0
128,Cu-HHTP,H2S_SO2,5+5,mixtures,2,Cu-1,0.08828743611532965,89.08691016358415,100676.80162701974,7.612278966253343,30.524046624638785,54.80964893353709,72.37160496334725,82.60820136605281,87.66248433642724,1.0,0.0,0.0,0.0,0.0,0.0,0.0
129,Cu-HHTP,H2S_SO2,5+5,mixtures,3,Cu-1,0.07174062733006632,81.88035488178724,87008.15044902259,6.742143660712537,25.269225321423278,45.45506780769708,61.19698043039992,72.08214247905218,79.28065112496282,1.0,0.0,0.0,0.0,0.0,0.0,0.0
130,Cu-HHTP,H2S_SO2,9+13,mixtures,0,Cu-1,0.3774869242092385,92.27975724507554,143632.48099213946,15.753914853200454,74.39664045365467,86.36650722592846,89.42693649959395,90.95115808240993,91.91052005454692,1.0,0.0,0.0,0.0,0.0,0.0,0.0
131,Cu-HHTP,H2S_SO2,9+13,mixtures,1,Cu-1,0.290866381139404,97.57702210138255,149411.3159048387,9.937270999416485,71.7865122656881,93.74903737681184,96.17460632421393,96.95556697482213,97.38116206058596,1.0,0.0,0.0,0.0,0.0,0.0,0.0
132,Cu-HHTP,H2S_SO2,9+13,mixtures,2,Cu-1,0.29915052678772547,95.17714819280475,144805.3818257457,11.232418763754659,70.07534342432385,88.81118502029732,92.50234316426891,93.9810786814975,94.81792449755953,1.0,0.0,0.0,0.0,0.0,0.0,0.0
133,Cu-HHTP,H2S_SO2,9+13,mixtures,3,Cu-1,0.26015492197131634,89.04748162849468,131470.62767476082,9.181834710054867,60.79989610209495,79.53482622261008,84.50034683070506,86.92081160465504,88.417428577269,1.0,0.0,0.0,0.0,0.0,0.0,0.0
134,Cu-HHTP,H2S_SO2,9+13,mixtures,4,Cu-1,0.33853752954047084,92.1073573772839,142181.2557623859,13.781565102543508,72.31121245415301,86.13472610806214,89.26074635349711,90.78110916996111,91.73250611106762,1.0,0.0,0.0,0.0,0.0,0.0,0.0
135,Cu-HHTP,H2S_SO2,13+27,mixtures,0,Cu-1,0.2619294211844185,96.25150815032374,147837.03834993223,12.04172923760479,70.9156157713144,92.46312971148635,94.72762247142944,95.5624675474302,96.05661606745579,1.0,0.0,0.0,0.0,0.0,0.0,0.0
136,Cu-HHTP,H2S_SO2,13+27,mixtures,1,Cu-1,0.242659896867228,97.30229133636368,147033.21321475084,9.765388084525926,66.14256389707266,92.93130247511198,95.94444546288904,96.71611259340396,97.13682537486444,1.0,0.0,0.0,0.0,0.0,0.0,0.0
137,Cu-HHTP,H2S_SO2,13+27,mixtures,2,Cu-1,0.29929322214058995,96.73414324637407,150741.32740371776,13.682771462960298,76.10236181889856,93.4017448415936,95.38008129157359,96.12908033532202,96.57137827200052,1.0,0.0,0.0,0.0,0.0,0.0,0.0
138,Cu-HHTP,H2S_SO2,13+27,mixtures,3,Cu-1,0.24522591791854326,96.92272627775363,147390.0956455613,11.13864831493661,67.55629817209811,92.737056371434,95.54947605156424,96.32086783717303,96.7521652864322,1.0,0.0,0.0,0.0,0.0,0.0,0.0
139,Cu-HHTP,H2S_SO2,13+27,mixtures,4,Cu-1,0.2852490339343785,96.72920534137745,149998.26965658477,13.048379923861019,74.26507981936108,93.38747177029961,95.40977539682332,96.13708445688138,96.56317425192425,1.0,0.0,0.0,0.0,0.0,0.0,0.0
140,Cu-HHTP,H2S_SO2,18+4,mixtures,0,Cu-1,0.5737365624166437,96.79717238853465,157993.55469255184,36.148131727590794,91.74629119274972,94.83702445920775,95.81395044313521,96.34876024893794,96.69696835265879,1.0,0.0,0.0,0.0,0.0,0.0,0.0
141,Cu-HHTP,H2S_SO2,18+4,mixtures,1,Cu-1,0.4433703322673291,97.15684464750444,155549.01109116207,27.563109993167743,90.12259962539738,95.32416496452873,96.26445427815712,96.75151203916897,97.06427501166282,1.0,0.0,0.0,0.0,0.0,0.0,0.0
142,Cu-HHTP,H2S_SO2,18+4,mixtures,2,Cu-1,0.39943487987154885,96.79765982596994,153741.02227047767,25.001053660246438,88.36533756705388,94.86961454530744,95.8542580887504,96.3705590717589,96.70149122544754,1.0,0.0,0.0,0.0,0.0,0.0,0.0
143,Cu-HHTP,H2S_SO2,18+4,mixtures,3,Cu-1,0.5425621274839436,96.61935390353635,157518.56207209846,35.40607459803627,91.57260567941307,94.67314828505295,95.6397790564207,96.17649850320777,96.52893332245473,1.0,0.0,0.0,0.0,0.0,0.0,0.0
144,Cu-HHTP,H2S_SO2,18+4,mixtures,4,Cu-1,0.5795893863865131,96.57043242410327,158245.01928379212,38.36303675632889,91.65214468115393,94.54957315438058,95.54985383648244,96.10941358258864,96.47976240640257,1.0,0.0,0.0,0.0,0.0,0.0,0.0
145,Cu-HHTP,H2S_SO2,22+18,mixtures,0,Cu-1,0.8032108921195307,97.82142588793529,165973.59562348848,37.42063502711447,94.8830483026109,96.60752091512082,97.19717655561483,97.53063850686284,97.7518908092255,1.0,0.0,0.0,0.0,0.0,0.0,0.0
146,Cu-HHTP,H2S_SO2,22+18,mixtures,1,Cu-1,0.7550047105858171,97.7545642703418,165080.43067036563,34.70331412267625,94.72023722829665,96.53848136403039,97.1225018396229,97.45350787338622,97.67285293515899,1.0,0.0,0.0,0.0,0.0,0.0,0.0
147,Cu-HHTP,H2S_SO2,22+18,mixtures,2,Cu-1,0.8546411404495149,97.15416343204554,165755.9585834263,40.78814855499502,94.08576423719371,95.80991702837153,96.458313725597,96.83484137427028,97.09218294379633,1.0,0.0,0.0,0.0,0.0,0.0,0.0
148,Cu-HHTP,H2S_SO2,22+18,mixtures,3,Cu-1,0.8505622426773445,97.65343332772242,166196.4874612363,38.77064246517828,94.88916988395897,96.4684855202463,97.04306332888038,97.37479419874145,97.59705322534299,1.0,0.0,0.0,0.0,0.0,0.0,0.0
149,Cu-HHTP,H2S_SO2,22+18,mixtures,4,Cu-1,0.8153842324594596,97.69405538293978,166189.03710917645,38.48495716927085,94.97177114145752,96.52051928768721,97.0848532780656,97.41043571543055,97.6297621001212,1.0,0.0,0.0,0.0,0.0,0.0,0.0
150,Cu-HHTP,H2S_SO2,27+31,mixtures,0,Cu-1,0.6831294119830421,97.26545733294986,163336.53255729628,48.54282718101163,93.9309845270948,95.86525157076358,96.56083198828586,96.94712206319491,97.20559021853263,1.0,0.0,0.0,0.0,0.0,0.0,0.0
151,Cu-HHTP,H2S_SO2,27+31,mixtures,1,Cu-1,0.6000471780367094,96.04879420830646,159804.8564080848,42.76270744306844,92.79694831287908,94.67244207877773,95.33315283900926,95.71484987597975,95.97499831940135,1.0,0.0,0.0,0.0,0.0,0.0,0.0
152,Cu-HHTP,H2S_SO2,27+31,mixtures,2,Cu-1,0.6798607107523474,97.5363240418603,163798.56091043493,47.77236057396032,94.72804218495993,96.34173621049497,96.92515031474684,97.25311298045986,97.47651318564108,1.0,0.0,0.0,0.0,0.0,0.0,0.0
153,Cu-HHTP,H2S_SO2,27+31,mixtures,3,Cu-1,0.7264270581193709,97.42047873724935,164251.8820661523,49.76291038118566,94.74949075936215,96.24386724986732,96.81686852536959,97.1458874977927,97.37085876201681,1.0,0.0,0.0,0.0,0.0,0.0,0.0
154,Cu-HHTP,H2S_SO2,27+31,mixtures,4,Cu-1,0.7832905909447199,97.34576054383531,164957.6825492769,52.85474851179192,94.5995066346909,96.12560641893053,96.72644768794962,97.07209796341536,97.30568674265697,1.0,0.0,0.0,0.0,0.0,0.0,0.0
155,Cu-HHTP,H2S_SO2,31+9,mixtures,0,Cu-1,0.3478425405279479,97.4612344000533,156290.8254346941,22.74217586076408,84.07939462011792,94.76151315582088,96.26926889422293,96.96674314003116,97.39027408991555,1.0,0.0,0.0,0.0,0.0,0.0,0.0
156,Cu-HHTP,H2S_SO2,31+9,mixtures,1,Cu-1,0.34898681388372094,97.24927996958446,155636.6909479376,22.911839343710525,83.38879116411853,94.27594083251958,95.94058804218795,96.70508777992194,97.16711365907074,1.0,0.0,0.0,0.0,0.0,0.0,0.0
157,Cu-HHTP,H2S_SO2,31+9,mixtures,2,Cu-1,0.32983755085744176,97.26680952090449,155690.68923282978,22.132642747520876,83.61841538244042,94.67542217542929,96.11907152748628,96.79732309084142,97.21734413249153,1.0,0.0,0.0,0.0,0.0,0.0,0.0
158,Cu-HHTP,H2S_SO2,31+9,mixtures,3,Cu-1,0.40997160008479183,97.29243610626804,158894.83693879284,27.566675588654647,88.66961950561353,95.22876205764538,96.34182374445244,96.92565869203145,97.30307038953943,1.0,0.0,0.0,0.0,0.0,0.0,0.0
159,Cu-HHTP,H2S_SO2,31+9,mixtures,4,Cu-1,0.3649787405765259,97.39831817367441,157685.77740744164,24.370915272829738,87.0716449832683,95.15259421161892,96.36720146157695,96.97914678383266,97.36766463755677,1.0,0.0,0.0,0.0,0.0,0.0,0.0
160,Cu-HHTP,H2S_SO2,36+22,mixtures,0,Cu-1,0.7916229027031387,98.34815149646802,168358.73539154552,56.75093914028921,96.49227731994043,97.45312207848828,97.864183758471,98.11404013189197,98.28498752886652,1.0,0.0,0.0,0.0,0.0,0.0,0.0
161,Cu-HHTP,H2S_SO2,36+22,mixtures,1,Cu-1,0.7321095950156008,98.27943667319674,166699.64549996026,51.897978435702775,96.20439411751127,97.31187237162959,97.75365390747982,98.01706484781006,98.19527500322886,1.0,0.0,0.0,0.0,0.0,0.0,0.0
162,Cu-HHTP,H2S_SO2,36+22,mixtures,2,Cu-1,0.7750649947929081,98.20650518435153,167973.63939864025,56.413300719838375,96.23561430292918,97.2616340499384,97.69584727503002,97.9589346394999,98.13981681301999,1.0,0.0,0.0,0.0,0.0,0.0,0.0
163,Cu-HHTP,H2S_SO2,36+22,mixtures,3,Cu-1,0.8086156177733117,97.99900680844517,167962.93185229023,57.68368606914773,95.9580847863035,96.98666838571076,97.44572540035783,97.72850868130556,97.92544722240702,1.0,0.0,0.0,0.0,0.0,0.0,0.0
164,Cu-HHTP,H2S_SO2,36+22,mixtures,4,Cu-1,0.8878150092753273,98.14000783822853,168576.77749241568,58.753990568433885,96.234800899094,97.19632544032187,97.62481289609933,97.88997048508921,98.07409735674322,1.0,0.0,0.0,0.0,0.0,0.0,0.0
165,Cu-HHTP,H2S_SO2,40+40,mixtures,0,Cu-1,1.602374409170295,97.19458174384793,168825.04570737615,80.27246818564821,95.49814032062835,96.24487990973772,96.64707678971915,96.91717183116435,97.11543885462316,1.0,0.0,0.0,0.0,0.0,0.0,0.0
166,Cu-HHTP,H2S_SO2,40+40,mixtures,1,Cu-1,1.2771797276499663,97.36071104761696,168800.38748450045,79.22998272305104,95.71321366236918,96.45080205179119,96.83883478811812,97.09669665837187,97.28534589838382,1.0,0.0,0.0,0.0,0.0,0.0,0.0
167,Cu-HHTP,H2S_SO2,40+40,mixtures,2,Cu-1,1.4453844725226455,97.57784288536715,169481.99053684698,80.24708862602951,96.0163866045512,96.71110591811441,97.0805980417988,97.32488095275554,97.50544038256463,1.0,0.0,0.0,0.0,0.0,0.0,0.0
168,Cu-HHTP,H2S_SO2,40+40,mixtures,3,Cu-1,1.5022096685365014,97.48710526449109,169255.51694970974,80.13193184063329,95.82932445010424,96.57206671982445,96.96374608733332,97.22169138227802,97.41181103019282,1.0,0.0,0.0,0.0,0.0,0.0,0.0
169,Ni-HHTP,H2S_SO2,4+36,mixtures,0,Ni-2,0.4192915207398137,61.400815602376824,94576.73255808052,33.14588375222109,50.16457706494041,54.63620369602927,57.27918363313336,59.30341926404052,60.7107987563671,0.0,0.0,1.0,0.0,0.0,0.0,0.0
170,Ni-HHTP,H2S_SO2,4+36,mixtures,1,Ni-2,0.38888693369054717,65.37013429809403,101994.58842600702,35.622416671823736,54.81780682874556,59.223329833007355,61.81265947022442,63.67288217135453,64.8139345249813,0.0,0.0,1.0,0.0,0.0,0.0,0.0
171,Ni-HHTP,H2S_SO2,4+36,mixtures,2,Ni-2,0.40490438361236486,64.93685210468351,101237.19080286146,35.62323803263113,54.36259737787999,58.70722454913919,61.34011160116351,63.056693008359275,64.34857890976174,0.0,0.0,1.0,0.0,0.0,0.0,0.0
172,Ni-HHTP,H2S_SO2,4+36,mixtures,3,Ni-2,0.4208448972833362,63.1719732896826,97891.35369986447,34.46608693044724,52.2605883182236,56.69577819884554,59.40021268395417,60.974471257887714,62.48593081762064,0.0,0.0,1.0,0.0,0.0,0.0,0.0
173,Ni-HHTP,H2S_SO2,4+36,mixtures,4,Ni-2,0.41958585407102816,62.99346921815484,98790.36923247253,35.044551921727894,53.10654067844573,57.40885530143185,59.8343594908041,61.33836702044661,62.550417299739706,0.0,0.0,1.0,0.0,0.0,0.0,0.0
174,Ni-HHTP,H2S_SO2,5+5,mixtures,0,Ni-1,0.02226343324594581,21.18895295850651,22996.21496412805,1.140259048205595,6.312210880881211,11.092349491371976,14.7887562664271,17.641789043326806,19.822430980844803,0.0,1.0,0.0,0.0,0.0,0.0,0.0
175,Ni-HHTP,H2S_SO2,5+5,mixtures,1,Ni-1,0.025277879252982582,21.569418364106607,24117.84280577323,1.2253937394544239,7.0427179361013925,11.852233553100618,15.417053757355346,18.222011665904986,20.34128911011611,0.0,1.0,0.0,0.0,0.0,0.0,0.0
176,Ni-HHTP,H2S_SO2,5+5,mixtures,2,Ni-1,0.026228010509264613,21.37540980894098,23748.453740932197,1.2525727752933193,6.807144836882006,11.536225759258468,15.141058821940533,17.802479806991727,19.91698381782539,0.0,1.0,0.0,0.0,0.0,0.0,0.0
177,Ni-HHTP,H2S_SO2,5+5,mixtures,3,Ni-1,0.022892023081141303,21.18594610773106,23042.997378054188,1.099733563754572,6.349630500018385,11.118131387811793,14.72618301593819,17.501809403510034,19.722607005976723,0.0,1.0,0.0,0.0,0.0,0.0,0.0
178,Ni-HHTP,H2S_SO2,9+13,mixtures,0,Ni-2,0.2875229064737151,56.85127849604577,81799.6177831897,22.57705130774695,40.37696438678802,47.5126119968043,51.750779130909464,54.30978742635709,56.1306466000325,0.0,0.0,1.0,0.0,0.0,0.0,0.0
179,Ni-HHTP,H2S_SO2,9+13,mixtures,1,Ni-2,0.2605275456615216,59.13013680701743,87022.20030866901,24.96477809224449,44.13490842092918,51.266339856758684,54.67082576641008,56.82569874856185,58.199678669080576,0.0,0.0,1.0,0.0,0.0,0.0,0.0
180,Ni-HHTP,H2S_SO2,9+13,mixtures,2,Ni-2,0.22212238298120637,58.095609813857514,85968.26375069178,25.350799823106854,44.21899084348172,50.158768176860534,53.738354699822715,55.76639035424142,57.32153310340465,0.0,0.0,1.0,0.0,0.0,0.0,0.0
181,Ni-HHTP,H2S_SO2,9+13,mixtures,3,Ni-2,0.1955984583946368,57.682897960213985,84440.10367316633,23.770602530699136,43.387527723606496,49.28111799452921,53.04546466326774,55.354076227474685,56.61806588530026,0.0,0.0,1.0,0.0,0.0,0.0,0.0
182,Ni-HHTP,H2S_SO2,9+13,mixtures,4,Ni-2,0.24514110767239355,59.45262660377447,87729.18296567057,25.762022468217534,45.043601535952035,51.0777215606412,54.70545435688499,57.08413456801901,58.748346403124025,0.0,0.0,1.0,0.0,0.0,0.0,0.0
183,Ni-HHTP,H2S_SO2,13+27,mixtures,0,Ni-2,0.41523703994499345,64.80092508648629,100815.06218269182,34.96660565378998,54.16663990915347,58.61961735448776,61.22821144679088,62.95039144122762,64.0971261525736,0.0,0.0,1.0,0.0,0.0,0.0,0.0
184,Ni-HHTP,H2S_SO2,13+27,mixtures,1,Ni-2,0.40312205212966024,66.06324318375769,103137.89834608501,35.40417453371645,55.39977547564394,60.259644162602605,62.91653065748208,64.38134237717169,65.41636337859079,0.0,0.0,1.0,0.0,0.0,0.0,0.0
185,Ni-HHTP,H2S_SO2,13+27,mixtures,2,Ni-2,0.4169793379155993,64.8232212716093,100908.68430687732,35.5208445879084,54.217923812011506,58.89320951931241,61.16820013025715,62.5498334795265,63.9914637830434,0.0,0.0,1.0,0.0,0.0,0.0,0.0
186,Ni-HHTP,H2S_SO2,13+27,mixtures,3,Ni-2,0.42992613619328884,62.007531859762786,96182.43693268357,33.59595619176442,51.311131725152755,55.96730425263,58.30810880257883,59.9710331520538,61.44118107755703,0.0,0.0,1.0,0.0,0.0,0.0,0.0
187,Ni-HHTP,H2S_SO2,13+27,mixtures,4,Ni-2,0.42475768141819165,62.52132037098823,97142.2699134192,33.60016174432442,51.60418559829243,56.46995903071094,58.98241443253261,60.98892029501959,62.141532187025476,0.0,0.0,1.0,0.0,0.0,0.0,0.0
188,Ni-HHTP,H2S_SO2,18+4,mixtures,0,Ni-2,0.26134650172204527,73.9945506722987,110474.79856834232,28.981080501210034,58.49193701337098,66.16091743610497,69.60518719727484,71.72691952003596,73.27502024941182,0.0,0.0,1.0,0.0,0.0,0.0,0.0
189,Ni-HHTP,H2S_SO2,18+4,mixtures,1,Ni-2,0.26564821599919997,74.47772612095568,111953.40336530098,29.4508208692421,59.56947601533743,67.23565827963118,70.588120449191,72.41657097840331,73.9087111833698,0.0,0.0,1.0,0.0,0.0,0.0,0.0
190,Ni-HHTP,H2S_SO2,18+4,mixtures,2,Ni-2,0.30649355726903765,76.92361544657022,116112.7265800634,30.37716485422521,62.30460306823251,69.85842508092023,73.14944035326752,74.98708370558589,76.3576209406894,0.0,0.0,1.0,0.0,0.0,0.0,0.0
191,Ni-HHTP,H2S_SO2,18+4,mixtures,3,Ni-2,0.31729979069550596,77.09304823240853,116226.67285972358,29.961208177743224,62.346211366992605,70.16369533283088,73.30533599385556,75.13591974562641,76.50329315872101,0.0,0.0,1.0,0.0,0.0,0.0,0.0
192,Ni-HHTP,H2S_SO2,22+18,mixtures,0,Ni-4,0.08840421752877971,54.134999122072166,65698.68551800188,8.118370965484853,26.727063424793307,37.64207717402708,44.516804372005296,49.26514401081733,52.72610801047102,0.0,0.0,0.0,0.0,1.0,0.0,0.0
193,Ni-HHTP,H2S_SO2,22+18,mixtures,1,Ni-4,0.08546967113767917,53.28542109546738,64954.499721664164,8.338938614241057,26.544479989574995,37.25080205863267,43.90618715622485,48.51878144119201,51.95536812091524,0.0,0.0,0.0,0.0,1.0,0.0,0.0
194,Ni-HHTP,H2S_SO2,22+18,mixtures,2,Ni-4,0.08256318962756762,53.26873566478677,64301.63402828854,7.920422918743151,25.9717434592167,36.72256495452844,43.53068521201134,48.310995959123666,51.882358417598915,0.0,0.0,0.0,0.0,1.0,0.0,0.0
195,Ni-HHTP,H2S_SO2,22+18,mixtures,3,Ni-4,0.08407765813046368,53.245817478454995,64280.76080484008,7.844649713451163,25.911355110619827,36.78537709025094,43.59116233881657,48.30321940309284,51.833237493898906,0.0,0.0,0.0,0.0,1.0,0.0,0.0
196,Ni-HHTP,H2S_SO2,22+18,mixtures,4,Ni-4,0.07916921255468598,52.36060219383836,62757.667880540204,7.366969372216303,24.96507299876358,35.72429490618696,42.64737149477337,47.486789155819324,51.001607836125025,0.0,0.0,0.0,0.0,1.0,0.0,0.0
197,Ni-HHTP,H2S_SO2,27+31,mixtures,0,Ni-2,0.44156731552365436,58.79453374383401,89664.7484163503,31.085267891360264,47.342657035219766,51.64134272318909,54.27567088934589,56.52180363741216,57.99898176604471,0.0,0.0,1.0,0.0,0.0,0.0,0.0
198,Ni-HHTP,H2S_SO2,27+31,mixtures,1,Ni-2,0.4166351929062186,56.080919021749324,85560.64050361003,29.17107978286485,44.684427533236416,49.56343406080785,52.32636430977926,53.98197383126304,55.461079458994334,0.0,0.0,1.0,0.0,0.0,0.0,0.0
199,Ni-HHTP,H2S_SO2,27+31,mixtures,2,Ni-2,0.4438260544120386,59.222612596702874,90017.24953294481,31.45840389171901,47.40114531808352,52.1830998285535,54.63692366350907,55.891488699623814,58.46857622298353,0.0,0.0,1.0,0.0,0.0,0.0,0.0
200,Ni-HHTP,H2S_SO2,27+31,mixtures,3,Ni-2,0.5247214365070437,62.970398874698695,98132.52290687879,35.62090821449144,52.1452163539956,56.912263600686806,58.85678745735475,61.30362183165261,62.246522910181746,0.0,0.0,1.0,0.0,0.0,0.0,0.0
201,Ni-HHTP,H2S_SO2,31+9,mixtures,0,Ni-5,0.14323366041052238,66.30217473025931,90246.83888167338,12.328642331021559,40.007988572921846,52.44155169843319,58.85225702150787,62.79513468655559,65.4973707934787,0.0,0.0,0.0,0.0,0.0,1.0,0.0
202,Ni-HHTP,H2S_SO2,31+9,mixtures,1,Ni-5,0.1535162542499481,67.01622024830203,92487.89388050599,13.515072942726695,41.85720705542078,53.81010729616215,59.891354117003864,63.58048796632016,66.1589756304728,0.0,0.0,0.0,0.0,0.0,1.0,0.0
203,Ni-HHTP,H2S_SO2,31+9,mixtures,2,Ni-5,0.15650636497660272,67.28788556199451,92891.82387422021,13.86965890856804,42.339382041292154,54.34121887612632,60.20626481838292,64.0482384528013,66.40101988693841,0.0,0.0,0.0,0.0,0.0,1.0,0.0
204,Ni-HHTP,H2S_SO2,31+9,mixtures,3,Ni-5,0.19249394621414898,62.20314108893386,86735.88874793539,14.172128355750893,40.646386956677745,50.53920489535799,55.830817404334546,57.4217389628124,59.537220152352994,0.0,0.0,0.0,0.0,0.0,1.0,0.0
205,Ni-HHTP,H2S_SO2,36+22,mixtures,0,Ni-4,0.13108510565025133,64.7019591300616,85423.70179127788,13.349245720384898,38.91328483218316,50.754088448201095,57.03556384525542,61.00055339094396,63.69223050057928,0.0,0.0,0.0,0.0,1.0,0.0,0.0
206,Ni-HHTP,H2S_SO2,36+22,mixtures,1,Ni-4,0.1398670175630394,65.73604002359038,87880.71088955137,14.351782616404504,40.85617800952472,52.43525191021847,58.39879918557394,62.14159859377217,64.75082164407715,0.0,0.0,0.0,0.0,1.0,0.0,0.0
207,Ni-HHTP,H2S_SO2,36+22,mixtures,2,Ni-4,0.13630670031860023,65.98415962834042,87895.1339148836,14.25629160377202,40.60787363228251,52.37705758911201,58.47917582535469,62.29903002185528,64.96283847110624,0.0,0.0,0.0,0.0,1.0,0.0,0.0
208,Ni-HHTP,H2S_SO2,36+22,mixtures,3,Ni-4,0.13353399485866513,64.87440142439456,86042.85591349516,13.917084784763118,39.51018751515097,51.14727686723267,57.214975163002215,61.144205182980464,63.87460701371049,0.0,0.0,0.0,0.0,1.0,0.0,0.0
209,Ni-HHTP,H2S_SO2,36+22,mixtures,4,Ni-4,0.140252438474765,65.51374120733793,87375.52156562047,14.385386994060356,40.470580079170496,52.03774477220493,58.04522140487071,61.82832612338502,64.48324391563312,0.0,0.0,0.0,0.0,1.0,0.0,0.0
210,Ni-HHTP,H2S_SO2,40+40,mixtures,0,Ni-1,0.37911511632518835,60.709882544234205,90901.21664237413,29.7674321580927,46.71707346025319,52.48113597709775,55.8442776190119,58.19503633804869,59.98290861489654,0.0,1.0,0.0,0.0,0.0,0.0,0.0
211,Ni-HHTP,H2S_SO2,40+40,mixtures,1,Ni-1,0.17948263455332958,40.661501955870236,52156.92847319335,13.787595738390946,23.503058886901297,28.68510934478385,32.6561838334792,36.021203730236174,39.196582362148,0.0,1.0,0.0,0.0,0.0,0.0,0.0
212,Ni-HHTP,H2S_SO2,40+40,mixtures,2,Ni-1,0.38159111346612756,60.5293773313242,90670.11111787621,29.961446719956072,46.65216431876379,52.263976562200675,55.59706765062765,57.961392802922646,59.78149987868608,0.0,1.0,0.0,0.0,0.0,0.0,0.0
213,Ni-HHTP,H2S_SO2,40+40,mixtures,3,Ni-1,0.3776209016509298,61.759959499674665,92500.54585782689,30.209431920581338,47.6859462512003,53.44606770167521,56.80065760026233,59.17504253013614,61.00189003304758,0.0,1.0,0.0,0.0,0.0,0.0,0.0
214,Zn-HHTP,H2S_SO2,4+36,mixtures,0,Zn-1,0.027728462919083874,19.743576299090414,22750.06402412101,2.64103961388254,8.226301908063958,12.523806301847374,15.571999236473406,17.664910751677805,19.20573641375438,0.0,0.0,0.0,0.0,0.0,0.0,1.0
215,Zn-HHTP,H2S_SO2,4+36,mixtures,1,Zn-1,0.02960764862723665,20.51896097857352,24050.29396846585,3.114971360215902,9.277505000200104,13.032674602020272,16.169627577544766,18.607405478216293,19.96577137779758,0.0,0.0,0.0,0.0,0.0,0.0,1.0
216,Zn-HHTP,H2S_SO2,4+36,mixtures,2,Zn-1,0.02375535433899202,19.872339326199512,22873.591963288076,2.5444829867104928,8.340454830777198,12.594170333850746,15.601533797772177,17.769367549985958,19.39543226149215,0.0,0.0,0.0,0.0,0.0,0.0,1.0
217,Zn-HHTP,H2S_SO2,4+36,mixtures,3,Zn-1,0.023832589656639036,20.789252852247824,23979.813910749297,2.7989847907692584,9.049387614090325,13.185811083916517,16.374929728460057,18.431749911642843,20.091911817190383,0.0,0.0,0.0,0.0,0.0,0.0,1.0
218,Zn-HHTP,H2S_SO2,4+36,mixtures,4,Zn-1,0.022622025612035537,20.120686756702877,23530.10811304997,2.8478930764064554,9.022717261570717,13.136621450480444,15.92994066160876,18.105134014373565,19.39079934125091,0.0,0.0,0.0,0.0,0.0,0.0,1.0
219,Zn-HHTP,H2S_SO2,5+5,mixtures,0,Zn-1,0.01626750009542553,7.775738934785912,9354.544009783953,1.7708118899127538,3.959789640061621,5.150259981435446,6.078795142682391,6.759627859903235,7.461880637416821,0.0,0.0,0.0,0.0,0.0,0.0,1.0
220,Zn-HHTP,H2S_SO2,5+5,mixtures,1,Zn-1,0.018056034866216555,7.7228969031131385,9498.934085105855,1.8443336161762558,4.150830806742097,5.293268363883697,6.087050260538329,6.797911313433654,7.488285448030696,0.0,0.0,0.0,0.0,0.0,0.0,1.0
221,Zn-HHTP,H2S_SO2,5+5,mixtures,2,Zn-1,0.017136650140684252,7.365460763138949,8770.526919427328,1.7327323935696186,3.6782149309233687,4.797502799316036,5.613815948066623,6.351214110955689,7.0606245745226355,0.0,0.0,0.0,0.0,0.0,0.0,1.0
222,Zn-HHTP,H2S_SO2,5+5,mixtures,3,Zn-1,0.01582107085207129,7.398289055329333,8870.05377761776,1.7526894810088487,3.702939685406414,4.86536638491968,5.676473140625517,6.462329667781297,7.106348205869935,0.0,0.0,0.0,0.0,0.0,0.0,1.0
223,Zn-HHTP,H2S_SO2,9+13,mixtures,0,Zn-1,0.00940672802249963,12.527953310361902,11825.05681472282,0.48343378464147935,2.450033661373451,5.60932743277242,8.462035160095178,10.402488442685337,12.010152615041298,0.0,0.0,0.0,0.0,0.0,0.0,1.0
224,Zn-HHTP,H2S_SO2,9+13,mixtures,1,Zn-1,0.015641387297968882,12.76005994252933,13046.939093671788,1.3595940093321508,4.1288157512601815,6.633892009861447,8.744389636560093,10.435950972794956,12.185267719931213,0.0,0.0,0.0,0.0,0.0,0.0,1.0
225,Zn-HHTP,H2S_SO2,9+13,mixtures,2,Zn-1,0.011157250442118483,13.079492935320342,13237.551774933874,1.2288835483727956,4.035120022067256,6.737972325590759,8.962109449014518,10.818566668043188,12.342791816561911,0.0,0.0,0.0,0.0,0.0,0.0,1.0
226,Zn-HHTP,H2S_SO2,9+13,mixtures,3,Zn-1,0.010411426769475953,12.202262449272368,12038.8053109391,1.0193857892901983,3.3447251400074522,6.111397286096251,8.338677022014135,9.754891403143436,11.559545131040863,0.0,0.0,0.0,0.0,0.0,0.0,1.0
227,Zn-HHTP,H2S_SO2,13+27,mixtures,0,Zn-1,0.043226136223200824,20.71357774469286,26912.91339227627,5.329059745390922,12.132871038947648,15.415619043889807,17.586848630780448,19.067374588000096,20.1764519682183,0.0,0.0,0.0,0.0,0.0,0.0,1.0
228,Zn-HHTP,H2S_SO2,13+27,mixtures,1,Zn-1,0.041055778720327625,24.317091300687974,33157.135453219686,6.900851726251166,16.03881272012957,19.401008753728657,21.478992394796148,22.93199436799258,23.77195884899601,0.0,0.0,0.0,0.0,0.0,0.0,1.0
229,Zn-HHTP,H2S_SO2,13+27,mixtures,2,Zn-1,0.05451871391416577,22.13442447352102,29088.850881778628,5.94130866290158,13.21810350369837,16.81760462473316,18.935529089560212,20.438023247743406,21.6106826368789,0.0,0.0,0.0,0.0,0.0,0.0,1.0
230,Zn-HHTP,H2S_SO2,13+27,mixtures,3,Zn-1,0.05065302487868182,20.818405397800564,26791.22910447137,5.3873364093024145,11.806113077386515,15.488714784152245,17.69225762774857,18.787859770318793,20.139154242959528,0.0,0.0,0.0,0.0,0.0,0.0,1.0
231,Zn-HHTP,H2S_SO2,18+4,mixtures,0,Zn-1,0.019104237089574864,14.051944697624501,16363.448277080246,2.1913681978155637,6.437678327942492,9.090477103150965,10.941541440456847,12.355598753666362,13.528149153270379,0.0,0.0,0.0,0.0,0.0,0.0,1.0
232,Zn-HHTP,H2S_SO2,18+4,mixtures,1,Zn-1,0.020846660016683123,13.802555929467607,16392.729150701365,2.2997810211249026,6.588024834274536,9.204470630669032,10.924311057000093,12.288045119438818,13.337190046265588,0.0,0.0,0.0,0.0,0.0,0.0,1.0
233,Zn-HHTP,H2S_SO2,18+4,mixtures,2,Zn-1,0.024166027503141202,15.905034914706967,19106.08387553247,2.6866826476306165,7.8432827763573485,10.821035130707925,12.741172077387116,14.222154542569093,15.372013751953157,0.0,0.0,0.0,0.0,0.0,0.0,1.0
234,Zn-HHTP,H2S_SO2,22+18,mixtures,0,Zn-1,0.03794818136750024,15.654703925303364,18249.066255360267,3.282240815638357,8.602452500247411,10.157539300662393,11.372651841165105,12.905599292608336,14.508946323665313,0.0,0.0,0.0,0.0,0.0,0.0,1.0
235,Zn-HHTP,H2S_SO2,22+18,mixtures,1,Zn-1,0.050113493349900125,16.448951205574538,19763.95686674504,2.846068388857864,8.749192177101573,10.631050409305054,13.087957807022724,14.915612171216093,15.6512599797092,0.0,0.0,0.0,0.0,0.0,0.0,1.0
236,Zn-HHTP,H2S_SO2,22+18,mixtures,2,Zn-1,0.041387998970025895,15.129995951236493,18182.796274854787,3.4395797108084905,7.719410021096494,10.024052937179386,11.979996444913048,13.56450154209682,13.880037694811529,0.0,0.0,0.0,0.0,0.0,0.0,1.0
237,Zn-HHTP,H2S_SO2,22+18,mixtures,3,Zn-1,0.028252450546490622,16.96310603244286,20265.780421492287,3.2237622930107186,8.100763538126206,11.25352650602918,13.407452183987969,15.138420977896892,16.42868688540915,0.0,0.0,0.0,0.0,0.0,0.0,1.0
238,Zn-HHTP,H2S_SO2,22+18,mixtures,4,Zn-1,0.023774724130387156,15.659789066192891,19118.089098016502,3.3147009842851367,8.027256698834918,10.546249493214985,12.594700158387745,13.997356542127203,15.245501106146767,0.0,0.0,0.0,0.0,0.0,0.0,1.0
239,Zn-HHTP,H2S_SO2,27+31,mixtures,0,Zn-1,0.0987079353041803,27.838863387158263,37491.829229141185,9.26636236493171,17.199748960718935,21.171600003954786,24.05736644216888,25.941122890849027,27.33156093398819,0.0,0.0,0.0,0.0,0.0,0.0,1.0
240,Zn-HHTP,H2S_SO2,27+31,mixtures,1,Zn-1,0.09710850575058158,27.958059169129655,37903.36523525986,9.346056251467926,17.67007358671625,21.626422361884508,24.227294411801097,26.039862316069552,27.430642907302573,0.0,0.0,0.0,0.0,0.0,0.0,1.0
241,Zn-HHTP,H2S_SO2,27+31,mixtures,2,Zn-1,0.09553906824914225,30.45121983012551,40797.66062199012,9.668251525288715,19.517785209839463,23.574064920687334,26.166098856611253,27.793940675044887,29.266448464914802,0.0,0.0,0.0,0.0,0.0,0.0,1.0
242,Zn-HHTP,H2S_SO2,27+31,mixtures,3,Zn-1,0.09429221077240012,29.850695536108542,39401.62502996971,9.32195207560811,17.7370117068233,22.208359869321097,25.4990631691261,27.455546488210995,29.112646288435613,0.0,0.0,0.0,0.0,0.0,0.0,1.0
243,Zn-HHTP,H2S_SO2,27+31,mixtures,4,Zn-1,0.08668178782371627,27.385549082813302,36783.73883248681,8.752840839818807,17.009927306234218,21.006171227791604,23.483745132464147,25.45444884732492,26.90146527869294,0.0,0.0,0.0,0.0,0.0,0.0,1.0
244,Zn-HHTP,H2S_SO2,31+9,mixtures,0,Zn-1,0.033173150246504496,17.012231027250042,19946.895582146244,2.0512838204825266,7.855452840181914,11.354869388970476,13.596135977704561,15.18185398348449,16.45060820555165,0.0,0.0,0.0,0.0,0.0,0.0,1.0
245,Zn-HHTP,H2S_SO2,31+9,mixtures,1,Zn-1,0.028953875649775692,17.8086703911747,20909.673396559985,2.3198611444845794,8.255293144163277,11.84987273888228,14.165721590503734,15.877585785623028,17.23046146980628,0.0,0.0,0.0,0.0,0.0,0.0,1.0
246,Zn-HHTP,H2S_SO2,31+9,mixtures,2,Zn-1,0.02700738286680902,17.112912220221506,20493.353301805444,2.674466089796006,8.306288472534108,11.614718983908357,13.815602499067536,15.349048882665222,16.551060290590936,0.0,0.0,0.0,0.0,0.0,0.0,1.0
247,Zn-HHTP,H2S_SO2,31+9,mixtures,3,Zn-1,0.034724170179451556,19.153096609133158,22837.57791056089,2.682952739855565,9.240692846917884,13.000930935845743,15.515807212146747,17.14638148733257,18.538650632738864,0.0,0.0,0.0,0.0,0.0,0.0,1.0
248,Zn-HHTP,H2S_SO2,31+9,mixtures,4,Zn-1,0.026723293533825795,17.167956906954803,20402.075376601075,2.5405962280165553,8.21697112778045,11.53346612210086,13.751674734769566,15.359608393270635,16.604565211555887,0.0,0.0,0.0,0.0,0.0,0.0,1.0
249,Zn-HHTP,H2S_SO2,36+22,mixtures,0,Zn-1,0.06599760617185753,22.595633137097284,30425.57237655701,7.535149373338848,14.281613778027584,17.36003148632684,19.501063811174856,20.706338941967562,22.03146422892724,0.0,0.0,0.0,0.0,0.0,0.0,1.0
250,Zn-HHTP,H2S_SO2,36+22,mixtures,1,Zn-1,0.05901821603593451,25.001757457695877,32413.49298981724,6.964412648087371,14.39557077937421,18.300465318942482,20.91621946093764,23.102643266950288,24.365064145772717,0.0,0.0,0.0,0.0,0.0,0.0,1.0
251,Zn-HHTP,H2S_SO2,36+22,mixtures,2,Zn-1,0.07926935276946137,24.79021312792869,30159.79691121081,5.710808484891189,12.71879094796918,16.931834460307403,19.475419370077496,21.923281768902378,23.772403527518737,0.0,0.0,0.0,0.0,0.0,0.0,1.0
252,Zn-HHTP,H2S_SO2,36+22,mixtures,3,Zn-1,0.07449164813565472,23.78949076883531,32782.50524880666,7.802099564593199,15.483252709969536,19.07730100908449,21.097971250373174,22.406745827949234,23.40268838852683,0.0,0.0,0.0,0.0,0.0,0.0,1.0
253,Zn-HHTP,H2S_SO2,36+22,mixtures,4,Zn-1,0.14021417653381205,28.13883948747091,40040.88114966615,12.185948724492599,19.698844243149956,22.227186022232633,25.22556373653936,26.76920023741247,27.35594374318884,0.0,0.0,0.0,0.0,0.0,0.0,1.0
254,Zn-HHTP,H2S_SO2,40+40,mixtures,0,Zn-1,0.20430565547766563,34.35803738340715,48224.8365031726,11.98655079190273,23.942120198216358,28.06245549974174,30.5865504755382,32.37446441047989,33.793526287740676,0.0,0.0,0.0,0.0,0.0,0.0,1.0
255,Zn-HHTP,H2S_SO2,40+40,mixtures,1,Zn-1,0.23872203266775913,36.02957780621008,51155.27959976239,13.310921869322025,25.7246715346956,29.753918991374633,32.23797461780892,34.01989168738561,35.46579147992127,0.0,0.0,0.0,0.0,0.0,0.0,1.0
256,Zn-HHTP,H2S_SO2,40+40,mixtures,2,Zn-1,0.2530283093714094,36.9049151999149,52285.60296370827,13.78236821022805,26.319003889921877,30.378026888580905,32.91066158656977,34.684623520985,36.206330596899384,0.0,0.0,0.0,0.0,0.0,0.0,1.0
257,Zn-HHTP,H2S_SO2,40+40,mixtures,3,Zn-1,0.25293196822055497,37.68636660761305,53446.53125036201,14.043520372457532,26.96532386231918,31.098731619999423,33.47331643690897,35.53525734500761,37.03442532127782,0.0,0.0,0.0,0.0,0.0,0.0,1.0
